{
    "BARACK OBAMA": {
        "eth": {
            "2PRACE": 0.0,
            "AIAN": 0.0,
            "API": 0.0064582003126757515,
            "Black": 0.08646974192013938,
            "Hispanic": 0.02034250535444788,
            "White": 0.886729552412737
        },
        "nat": {
            "African,EastAfrican": 0.04714079051962797,
            "African,SouthAfrican": 0.004951823710456947,
            "African,WestAfrican": 0.01811583652279792,
            "CelticEnglish": 0.08166696436879724,
            "EastAsian,Chinese": 0.000615846073582133,
            "EastAsian,Indochina,Cambodia": 0.004172879853367067,
            "EastAsian,Indochina,Myanmar": 0.0008515960071205702,
            "EastAsian,Indochina,Thailand": 0.0005772959951162545,
            "EastAsian,Indochina,Vietnam": 0.0004162769598810714,
            "EastAsian,Japan": 0.004576993178554901,
            "EastAsian,Malay,Indonesia": 0.023829534761589066,
            "EastAsian,Malay,Malaysia": 0.0054714202751909745,
            "EastAsian,South Korea": 0.0008716444857099632,
            "European,Baltics": 0.007460786779494637,
            "European,EastEuropean": 0.010433213993101131,
            "European,French": 0.5001713892632657,
            "European,German": 0.023956616896629396,
            "European,Italian,Italy": 0.036542305691678094,
            "European,Italian,Romania": 0.012645327308731087,
            "European,Russian": 0.006371723712971865,
            "European,SouthSlavs": 0.005393581539681587,
            "Greek": 0.0010952836142608237,
            "Hispanic,Philippines": 0.014897833756625489,
            "Hispanic,Portuguese": 0.06267482890942994,
            "Hispanic,Spanish": 0.06618394047765137,
            "Jewish": 0.006063770418748636,
            "Muslim,ArabianPeninsula": 0.0017453064139109134,
            "Muslim,Maghreb": 0.0029497221473328773,
            "Muslim,Nubian": 0.009894966052911562,
            "Muslim,Pakistanis,Bangladesh": 0.0005502549453285515,
            "Muslim,Pakistanis,Pakistan": 0.0006553446036974002,
            "Muslim,Persian": 0.0085049297436094,
            "Muslim,Turkic,CentralAsian": 0.0019149049425245647,
            "Muslim,Turkic,Turkey": 9.11286627808408e-05,
            "Nordic,Finland": 0.0011154804847037418,
            "Nordic,Scandinavian,Denmark": 0.0001534908297378665,
            "Nordic,Scandinavian,Norway": 0.00013969006316747753,
            "Nordic,Scandinavian,Sweden": 9.171966302790776e-05,
            "SouthAsian": 0.02504355637320517
        }
    },
    "GEORGE WASHINGTON": {
        "eth": {
            "2PRACE": 0.0,
            "AIAN": 0.0,
            "API": 0.001298618965874315,
            "Black": 0.06858710622862514,
            "Hispanic": 0.003661582504936722,
            "White": 0.9264526923005638
        },
        "nat": {
            "African,EastAfrican": 0.02533975883330347,
            "African,SouthAfrican": 0.004989649211550053,
            "African,WestAfrican": 0.010393521427302233,
            "CelticEnglish": 0.2881993933006511,
            "EastAsian,Chinese": 0.0005081145996988559,
            "EastAsian,Indochina,Cambodia": 4.1252868494355565e-05,
            "EastAsian,Indochina,Myanmar": 9.168703053055275e-06,
            "EastAsian,Indochina,Thailand": 6.3407614241033755e-06,
            "EastAsian,Indochina,Vietnam": 2.969829276112898e-07,
            "EastAsian,Japan": 0.00019336407760467883,
            "EastAsian,Malay,Indonesia": 0.00014426018538763597,
            "EastAsian,Malay,Malaysia": 0.000524673206403445,
            "EastAsian,South Korea": 0.00012718540760996204,
            "European,Baltics": 0.001042633805423247,
            "European,EastEuropean": 0.0004267759987790403,
            "European,French": 0.027210232248976597,
            "European,German": 0.019816170503507317,
            "European,Italian,Italy": 0.001650675133041562,
            "European,Italian,Romania": 0.07562454281779231,
            "European,Russian": 0.001008345196909131,
            "European,SouthSlavs": 0.008896305835044077,
            "Greek": 0.5019243382476342,
            "Hispanic,Philippines": 0.0022063641605186693,
            "Hispanic,Portuguese": 0.01202285604210608,
            "Hispanic,Spanish": 0.0042054381031253795,
            "Jewish": 0.0006325781631139209,
            "Muslim,ArabianPeninsula": 0.00013061433993284463,
            "Muslim,Maghreb": 9.77009260758949e-05,
            "Muslim,Nubian": 0.0003310814454360116,
            "Muslim,Pakistanis,Bangladesh": 2.4153328058825748e-05,
            "Muslim,Pakistanis,Pakistan": 1.7142713574753254e-05,
            "Muslim,Persian": 0.000374506168476101,
            "Muslim,Turkic,CentralAsian": 8.588293955908476e-05,
            "Muslim,Turkic,Turkey": 3.0957805703779585e-06,
            "Nordic,Finland": 0.00045055715813039303,
            "Nordic,Scandinavian,Denmark": 7.455334974904245e-05,
            "Nordic,Scandinavian,Norway": 0.00011149716241975886,
            "Nordic,Scandinavian,Sweden": 9.966829317425052e-05,
            "SouthAsian": 0.011055310573460554
        }
    },
    "JANET LU": {
        "eth": {
            "2PRACE": 0.0,
            "AIAN": 0.0,
            "API": 0.00891691415262671,
            "Black": 0.1277558478946589,
            "Hispanic": 0.020636481890682234,
            "White": 0.8426907560620323
        },
        "nat": {
            "African,EastAfrican": 0.04529092208378866,
            "African,SouthAfrican": 0.009748791620721694,
            "African,WestAfrican": 0.04845242319412495,
            "CelticEnglish": 0.6022320628650402,
            "EastAsian,Chinese": 0.058532452062908635,
            "EastAsian,Indochina,Cambodia": 0.0002696596144604445,
            "EastAsian,Indochina,Myanmar": 6.069832323720606e-05,
            "EastAsian,Indochina,Thailand": 5.491687859111623e-05,
            "EastAsian,Indochina,Vietnam": 6.728678964833053e-06,
            "EastAsian,Japan": 0.0004625698618678432,
            "EastAsian,Malay,Indonesia": 0.003591204921588377,
            "EastAsian,Malay,Malaysia": 0.005049544331808971,
            "EastAsian,South Korea": 0.0013738109649341196,
            "European,Baltics": 0.00214187497582573,
            "European,EastEuropean": 0.0038105440013982248,
            "European,French": 0.007084811370593834,
            "European,German": 0.032947565189872526,
            "European,Italian,Italy": 0.0008646368115321409,
            "European,Italian,Romania": 0.0025964104394560106,
            "European,Russian": 0.0004463267453876874,
            "European,SouthSlavs": 0.0031173494269527346,
            "Greek": 0.0001446625129919789,
            "Hispanic,Philippines": 0.08095214713854922,
            "Hispanic,Portuguese": 0.02077176718942037,
            "Hispanic,Spanish": 0.04051264857344223,
            "Jewish": 0.0010761864405327826,
            "Muslim,ArabianPeninsula": 0.00021323479160000972,
            "Muslim,Maghreb": 0.0002800048906804667,
            "Muslim,Nubian": 0.0002197791328307257,
            "Muslim,Pakistanis,Bangladesh": 0.00013200330338817282,
            "Muslim,Pakistanis,Pakistan": 0.0001157176659676004,
            "Muslim,Persian": 0.002376258485869142,
            "Muslim,Turkic,CentralAsian": 0.0003191574583894885,
            "Muslim,Turkic,Turkey": 1.8077827178238015e-05,
            "Nordic,Finland": 0.002675762546088387,
            "Nordic,Scandinavian,Denmark": 0.0010148298863565319,
            "Nordic,Scandinavian,Norway": 0.0011722514704518316,
            "Nordic,Scandinavian,Sweden": 0.0013095149218509182,
            "SouthAsian": 0.01856069140135624
        }
    },
    "JEFFREY MARTIN": {
        "eth": {
            "2PRACE": 0.0,
            "AIAN": 0.0,
            "API": 0.001986730353863892,
            "Black": 0.043437575576970956,
            "Hispanic": 0.0310958497768508,
            "White": 0.9234798442923143
        },